Time(1ms),"ACTIVITY_EVENT0{appName=com.indeed.android.jobsearch, action=onCreate, acitivityName=class com.indeed.android.jobsearch.MainActivity}",getShared638{key=regIdUpdateFailed},getShared758{key=rezDirty},getShared454{key=appVersionCode},SharedPref.edit461,"SharedPref.putInt460{value=17, key=appVersionCode}",SharedPref.commit459,getShared763{key=retrieveRefInfo},SharedPref.edit446,"SharedPref.putBoolean445{value=true, key=retrieveRefInfo}",SharedPref.commit444,"ACTIVITY_EVENT0{appName=com.indeed.android.jobsearch, action=onStop, acitivityName=class com.indeed.android.jobsearch.MainActivity}","ACTIVITY_EVENT0{appName=com.indeed.android.jobsearch, action=onDestory, acitivityName=class com.indeed.android.jobsearch.MainActivity}",SharedPref.edit459,"SharedPref.putString465{value=1988e4ca80np75q1, key=deviceId}",SharedPref.commit464,SharedPref.edit455,"SharedPref.putString454{value=https://apply.indeed.com/indeedapply/m/external.js, key=externalJsUrl}",SharedPref.commit453,"ACTIVITY_EVENT0{appName=com.indeed.android.jobsearch, action=onCreate, acitivityName=class com.indeed.android.jobsearch.webview.ExternalActivity}",Http.connect444{URL=https://apply.indeed.com/indeedapply/m/external.js?mobtk=1988eb5lc0np71ok&mobvjtk=1988ecbe70np729u&jk=4b4e596af0d8276c},net.Socket.connect442{inet_address=apply.indeed.com/50.97.35.148:443},Http.getResponse441{URL=https://apply.indeed.com/indeedapply/m/external.js?mobtk=1988eb5lc0np71ok&mobvjtk=1988ecbe70np729u&jk=4b4e596af0d8276c},Http.getResponse439{URL=https://apply.indeed.com/indeedapply/m/external.js?mobtk=1988eb5lc0np71ok&mobvjtk=1988ecbe70np729u&jk=4b4e596af0d8276c},"ACTIVITY_EVENT0{appName=com.indeed.android.jobsearch, action=onDestory, acitivityName=class com.indeed.android.jobsearch.webview.ExternalActivity}"
0,1,,,,,,,,,,,,,,,,,,,,,,,,
14823,,1,,,,,,,,,,,,,,,,,,,,,,,
16244,,,1,,,,,,,,,,,,,,,,,,,,,,
16297,,,,1,,,,,,,,,,,,,,,,,,,,,
16350,,,,,1,,,,,,,,,,,,,,,,,,,,
16375,,,,,,1,,,,,,,,,,,,,,,,,,,
16396,,,,,,,1,,,,,,,,,,,,,,,,,,
17065,,,,,,,,1,,,,,,,,,,,,,,,,,
17128,,,,,,,,,1,,,,,,,,,,,,,,,,
17145,,,,,,,,,,1,,,,,,,,,,,,,,,
17171,,,,,,,,,,,1,,,,,,,,,,,,,,
95422,,,,,,,,,,,,1,,,,,,,,,,,,,
95430,,,,,,,,,,,,,1,,,,,,,,,,,,
95463,,,1,,,,,,,,,,,,,,,,,,,,,,
997129,1,,,,,,,,,,,,,,,,,,,,,,,,
997988,,1,,,,,,,,,,,,,,,,,,,,,,,
998501,,,1,,,,,,,,,,,,,,,,,,,,,,
998565,,,,1,,,,,,,,,,,,,,,,,,,,,
999040,,,,,,,,1,,,,,,,,,,,,,,,,,
1017144,,,,,,,,,,,,,,1,,,,,,,,,,,
1017175,,,,,,,,,,,,,,,1,,,,,,,,,,
1017205,,,,,,,,,,,,,,,,1,,,,,,,,,
1117030,,,,,,,,,,,,,,,,,1,,,,,,,,
1117049,,,,,,,,,,,,,,,,,,1,,,,,,,
1117060,,,,,,,,,,,,,,,,,,,1,,,,,,
1174026,,,,,,,,,,,,,,,,,1,,,,,,,,
1174048,,,,,,,,,,,,,,,,,,1,,,,,,,
1174074,,,,,,,,,,,,,,,,,,,1,,,,,,
1270851,,,,,,,,,,,,,,,,,1,,,,,,,,
1270867,,,,,,,,,,,,,,,,,,1,,,,,,,
1270876,,,,,,,,,,,,,,,,,,,1,,,,,,
1306611,,,,,,,,,,,,,,,,,,,,1,,,,,
1306988,,,1,,,,,,,,,,,,,,,,,,,,,,
1307409,,,,,,,,,,,,,,,,,,,,,1,,,,
1308072,,,,,,,,,,,,1,,,,,,,,,,,,,
1308627,,,,,,,,,,,,,,,,,,,,,,1,,,
1310174,,,,,,,,,,,,,,,,,,,,,,,1,,
1311586,,,,,,,,,,,,,,,,,,,,,,,,1,
1311743,,,,,,,,,,,,,,,,,,,,,1,,,,
1311825,,,,,,,,,,,,,,,,,,,,,,,1,,
1314090,,,,,,,,,,,,,,,,,,,,,,,,1,
1338845,,,,,,,,,,,,,,,,,,,,,,,,,1
1338874,,,,,,,,,,,,,,,,,,,,,,,,,1
1436824,,,,,,,,,,,,1,,,,,,,,,,,,,
1436889,,,,,,,,,,,,,1,,,,,,,,,,,,
1437389,,,1,,,,,,,,,,,,,,,,,,,,,,
