Time(1ms),getDeviceId7,getSubscriberId1,FileInputStream.<init>2{path=/data/data/sample5/files},FileInputStream.read2,SMS_RECEIVED0,FileOutputStream.<init>5{path=/data/data/sample5/files},FileOutputStream.write4,FileOutputStream.write3,query3{ Uri=content://com.android.contacts/data/phones},DB-CursorWrapper,Http.setEntity0{HttpEntity=imei=000000000000000&time=16344623032014&os=android&imsi=310260000000000&v=2.1},Http.execute0{uri=http://sample5_address1},FileOutputStream.write1,"sqlite.SQLiteDatabase.rawQueryWithFactory3{selectionArgs=null, sql=SELECT _id, msg, toshortcode, fromshortcode FROM messages, editTable=messages}",Http.setEntity0{HttpEntity=imei=000000000000000&time=17344723032014&os=android&imsi=310260000000000&v=2.1},Http.setEntity0{HttpEntity=imei=000000000000000&time=18344823032014&os=android&imsi=310260000000000&v=2.1},Http.setEntity0{HttpEntity=imei=000000000000000&time=19345023032014&os=android&imsi=310260000000000&v=2.1},Http.setEntity0{HttpEntity=imei=000000000000000&time=20345123032014&os=android&imsi=310260000000000&v=2.1},Http.setEntity0{HttpEntity=imei=000000000000000&time=21345323032014&os=android&imsi=310260000000000&v=2.1},sqlite.SQLiteDatabase.openDatabase1{path=/data/data/sample5/databases},"sqlite.SQLiteDatabase.rawQueryWithFactory9{selectionArgs=null, sql=SELECT _id, msg, toshortcode, fromshortcode FROM messages, editTable=messages}",Http.setEntity0{HttpEntity=imei=000000000000000&time=22000723032014&os=android&imsi=310260000000000&v=2.1},Http.setEntity0{HttpEntity=imei=000000000000000&time=23000923032014&os=android&imsi=310260000000000&v=2.1}
0,1,,,,,,,,,,,,,,,,,,,,,,
57,,1,,,,,,,,,,,,,,,,,,,,,
92,,,1,,,,,,,,,,,,,,,,,,,,
138,,,,1,,,,,,,,,,,,,,,,,,,
34990,,,,,1,,,,,,,,,,,,,,,,,,
63640,,,,,1,,,,,,,,,,,,,,,,,,
131791,,,,,1,,,,,,,,,,,,,,,,,,
139689,,,,,1,,,,,,,,,,,,,,,,,,
141270,,,,,1,,,,,,,,,,,,,,,,,,
150756,,,,,1,,,,,,,,,,,,,,,,,,
211908,,,,,1,,,,,,,,,,,,,,,,,,
218972,,,,,1,,,,,,,,,,,,,,,,,,
235430,,,,,1,,,,,,,,,,,,,,,,,,
250767,,,,,1,,,,,,,,,,,,,,,,,,
310545,,,,,1,,,,,,,,,,,,,,,,,,
324306,,,,,1,,,,,,,,,,,,,,,,,,
341381,,,,,1,,,,,,,,,,,,,,,,,,
341925,,,,,1,,,,,,,,,,,,,,,,,,
343895,,,,,1,,,,,,,,,,,,,,,,,,
375149,,,,,1,,,,,,,,,,,,,,,,,,
384768,,,,,1,,,,,,,,,,,,,,,,,,
386457,,,,,1,,,,,,,,,,,,,,,,,,
387331,,,,,1,,,,,,,,,,,,,,,,,,
776696,1,,,,,,,,,,,,,,,,,,,,,,
776733,,1,,,,,,,,,,,,,,,,,,,,,
776773,,,1,,,,,,,,,,,,,,,,,,,,
776809,,,,1,,,,,,,,,,,,,,,,,,,
776857,,,,,,1,,,,,,,,,,,,,,,,,
776873,,,,,,,1,,,,,,,,,,,,,,,,
776908,,,,,,1,,,,,,,,,,,,,,,,,
776953,,,,,,,,1,,,,,,,,,,,,,,,
777051,,,,,,,,,1,,,,,,,,,,,,,,
777380,,,,,,,,,,1,,,,,,,,,,,,,
777480,,,,,,,,,,1,,,,,,,,,,,,,
777515,,,,,,,,,,1,,,,,,,,,,,,,
777549,,,,,,,,,,1,,,,,,,,,,,,,
777582,,,,,,,,,,1,,,,,,,,,,,,,
777616,,,,,,,,,,1,,,,,,,,,,,,,
777649,,,,,,,,,,1,,,,,,,,,,,,,
778063,,,,,,,,,,,1,,,,,,,,,,,,
778314,,,,,,,,,,,,1,,,,,,,,,,,
778841,,,,,,1,,,,,,,,,,,,,,,,,
778861,,,,,,,,,,,,,1,,,,,,,,,,
778898,,,,,,1,,,,,,,,,,,,,,,,,
778937,,,,,,,1,,,,,,,,,,,,,,,,
779077,,,,,,,,,,,,,,1,,,,,,,,,
4378915,,,,,,,,,1,,,,,,,,,,,,,,
4379026,,,,,,,,,,1,,,,,,,,,,,,,
4379057,,,,,,,,,,1,,,,,,,,,,,,,
4379089,,,,,,,,,,1,,,,,,,,,,,,,
4379118,,,,,,,,,,1,,,,,,,,,,,,,
4379152,,,,,,,,,,1,,,,,,,,,,,,,
4379182,,,,,,,,,,1,,,,,,,,,,,,,
4379211,,,,,,,,,,1,,,,,,,,,,,,,
4379513,,,,,,,,,,,,,,,1,,,,,,,,
4379589,,,,,,,,,,,,1,,,,,,,,,,,
4380053,,,,,,1,,,,,,,,,,,,,,,,,
4380071,,,,,,,,,,,,,1,,,,,,,,,,
4380095,,,,,,1,,,,,,,,,,,,,,,,,
4380115,,,,,,,1,,,,,,,,,,,,,,,,
4380180,,,,,,,,,,,,,,1,,,,,,,,,
7980124,,,,,,,,,1,,,,,,,,,,,,,,
7980232,,,,,,,,,,1,,,,,,,,,,,,,
7980263,,,,,,,,,,1,,,,,,,,,,,,,
7980293,,,,,,,,,,1,,,,,,,,,,,,,
7980352,,,,,,,,,,1,,,,,,,,,,,,,
7980488,,,,,,,,,,1,,,,,,,,,,,,,
7980544,,,,,,,,,,1,,,,,,,,,,,,,
7980622,,,,,,,,,,1,,,,,,,,,,,,,
7980973,,,,,,,,,,,,,,,,1,,,,,,,
7981043,,,,,,,,,,,,1,,,,,,,,,,,
7981413,,,,,,1,,,,,,,,,,,,,,,,,
7981428,,,,,,,,,,,,,1,,,,,,,,,,
7981453,,,,,,1,,,,,,,,,,,,,,,,,
7981475,,,,,,,1,,,,,,,,,,,,,,,,
7981540,,,,,,,,,,,,,,1,,,,,,,,,
11581482,,,,,,,,,1,,,,,,,,,,,,,,
11581576,,,,,,,,,,1,,,,,,,,,,,,,
11581606,,,,,,,,,,1,,,,,,,,,,,,,
11581636,,,,,,,,,,1,,,,,,,,,,,,,
11581663,,,,,,,,,,1,,,,,,,,,,,,,
11581690,,,,,,,,,,1,,,,,,,,,,,,,
11581719,,,,,,,,,,1,,,,,,,,,,,,,
11581754,,,,,,,,,,1,,,,,,,,,,,,,
11582076,,,,,,,,,,,,,,,,,1,,,,,,
11582365,,,,,,,,,,,,1,,,,,,,,,,,
11582708,,,,,,1,,,,,,,,,,,,,,,,,
11582723,,,,,,,,,,,,,1,,,,,,,,,,
11582747,,,,,,1,,,,,,,,,,,,,,,,,
11582787,,,,,,,1,,,,,,,,,,,,,,,,
11582915,,,,,,,,,,,,,,1,,,,,,,,,
15182777,,,,,,,,,1,,,,,,,,,,,,,,
15182872,,,,,,,,,,1,,,,,,,,,,,,,
15182902,,,,,,,,,,1,,,,,,,,,,,,,
15182930,,,,,,,,,,1,,,,,,,,,,,,,
15182961,,,,,,,,,,1,,,,,,,,,,,,,
15182989,,,,,,,,,,1,,,,,,,,,,,,,
15183018,,,,,,,,,,1,,,,,,,,,,,,,
15183048,,,,,,,,,,1,,,,,,,,,,,,,
15183334,,,,,,,,,,,,,,,,,,1,,,,,
15183443,,,,,,,,,,,,1,,,,,,,,,,,
15183844,,,,,,1,,,,,,,,,,,,,,,,,
15183858,,,,,,,,,,,,,1,,,,,,,,,,
15183881,,,,,,1,,,,,,,,,,,,,,,,,
15183898,,,,,,,1,,,,,,,,,,,,,,,,
15183947,,,,,,,,,,,,,,1,,,,,,,,,
18142708,1,,,,,,,,,,,,,,,,,,,,,,
18142836,,1,,,,,,,,,,,,,,,,,,,,,
18142864,,,1,,,,,,,,,,,,,,,,,,,,
18142899,,,,1,,,,,,,,,,,,,,,,,,,
18784029,1,,,,,,,,,,,,,,,,,,,,,,
18784065,,1,,,,,,,,,,,,,,,,,,,,,
18784097,,,1,,,,,,,,,,,,,,,,,,,,
18784134,,,,1,,,,,,,,,,,,,,,,,,,
18784176,,,,,,1,,,,,,,,,,,,,,,,,
18784191,,,,,,,1,,,,,,,,,,,,,,,,
18784227,,,,,,1,,,,,,,,,,,,,,,,,
18784243,,,,,,,,1,,,,,,,,,,,,,,,
18784303,,,,,,,,,1,,,,,,,,,,,,,,
18784429,,,,,,,,,,1,,,,,,,,,,,,,
18784471,,,,,,,,,,1,,,,,,,,,,,,,
18784507,,,,,,,,,,1,,,,,,,,,,,,,
18784544,,,,,,,,,,1,,,,,,,,,,,,,
18784578,,,,,,,,,,1,,,,,,,,,,,,,
18784610,,,,,,,,,,1,,,,,,,,,,,,,
18784641,,,,,,,,,,1,,,,,,,,,,,,,
18785128,,,,,,,,,,,,,,,,,,,1,,,,
18785407,,,,,,,,,,,,1,,,,,,,,,,,
18785985,,,,,,1,,,,,,,,,,,,,,,,,
18786012,,,,,,,,,,,,,1,,,,,,,,,,
18786040,,,,,,1,,,,,,,,,,,,,,,,,
18786061,,,,,,,1,,,,,,,,,,,,,,,,
18786084,,,,,,,,,,,,,,,,,,,,1,,,
18786156,,,,,,,,,,,,,,,,,,,,,1,,
19359525,1,,,,,,,,,,,,,,,,,,,,,,
19359574,,1,,,,,,,,,,,,,,,,,,,,,
19359608,,,1,,,,,,,,,,,,,,,,,,,,
19359644,,,,1,,,,,,,,,,,,,,,,,,,
20298189,,,,,,,,,1,,,,,,,,,,,,,,
20298478,,,,,,,,,,1,,,,,,,,,,,,,
20298569,,,,,,,,,,1,,,,,,,,,,,,,
20298636,,,,,,,,,,1,,,,,,,,,,,,,
20298720,,,,,,,,,,1,,,,,,,,,,,,,
20298774,,,,,,,,,,1,,,,,,,,,,,,,
20298809,,,,,,,,,,1,,,,,,,,,,,,,
20298844,,,,,,,,,,1,,,,,,,,,,,,,
20299351,,,,,,,,,,,,,,,,,,,,,,1,
20299555,,,,,,,,,,,,1,,,,,,,,,,,
20300054,,,,,,1,,,,,,,,,,,,,,,,,
20300070,,,,,,,,,,,,,1,,,,,,,,,,
20300106,,,,,,1,,,,,,,,,,,,,,,,,
20300130,,,,,,,1,,,,,,,,,,,,,,,,
20300156,,,,,,,,,,,,,,,,,,,,1,,,
20300224,,,,,,,,,,,,,,,,,,,,,1,,
20449548,1,,,,,,,,,,,,,,,,,,,,,,
20449687,,1,,,,,,,,,,,,,,,,,,,,,
20449763,,,1,,,,,,,,,,,,,,,,,,,,
20449885,,,,1,,,,,,,,,,,,,,,,,,,
21409552,1,,,,,,,,,,,,,,,,,,,,,,
21409602,,1,,,,,,,,,,,,,,,,,,,,,
21409637,,,1,,,,,,,,,,,,,,,,,,,,
21409684,,,,1,,,,,,,,,,,,,,,,,,,
22759249,1,,,,,,,,,,,,,,,,,,,,,,
22759365,,1,,,,,,,,,,,,,,,,,,,,,
22759416,,,1,,,,,,,,,,,,,,,,,,,,
22759515,,,,1,,,,,,,,,,,,,,,,,,,
22974809,,,,,1,,,,,,,,,,,,,,,,,,
22978008,,,,,1,,,,,,,,,,,,,,,,,,
22978349,,,,,1,,,,,,,,,,,,,,,,,,
22988508,,,,,1,,,,,,,,,,,,,,,,,,
22996737,,,,,1,,,,,,,,,,,,,,,,,,
23900255,1,,,,,,,,,,,,,,,,,,,,,,
23900294,,1,,,,,,,,,,,,,,,,,,,,,
23900327,,,1,,,,,,,,,,,,,,,,,,,,
23900366,,,,1,,,,,,,,,,,,,,,,,,,
23900408,,,,,,1,,,,,,,,,,,,,,,,,
23900423,,,,,,,1,,,,,,,,,,,,,,,,
23900455,,,,,,1,,,,,,,,,,,,,,,,,
23900472,,,,,,,,1,,,,,,,,,,,,,,,
23900532,,,,,,,,,1,,,,,,,,,,,,,,
23900667,,,,,,,,,,1,,,,,,,,,,,,,
23900742,,,,,,,,,,1,,,,,,,,,,,,,
23900795,,,,,,,,,,1,,,,,,,,,,,,,
23900883,,,,,,,,,,1,,,,,,,,,,,,,
23900922,,,,,,,,,,1,,,,,,,,,,,,,
23900960,,,,,,,,,,1,,,,,,,,,,,,,
23901000,,,,,,,,,,1,,,,,,,,,,,,,
23901413,,,,,,,,,,,,,,,,,,,,,,,1
23901607,,,,,,,,,,,,1,,,,,,,,,,,
23902220,,,,,,1,,,,,,,,,,,,,,,,,
23902235,,,,,,,,,,,,,1,,,,,,,,,,
23902264,,,,,,1,,,,,,,,,,,,,,,,,
23902283,,,,,,,1,,,,,,,,,,,,,,,,
23902306,,,,,,,,,,,,,,,,,,,,1,,,
23902378,,,,,,,,,,,,,,,,,,,,,1,,
24280706,1,,,,,,,,,,,,,,,,,,,,,,
24280760,,1,,,,,,,,,,,,,,,,,,,,,
24280797,,,1,,,,,,,,,,,,,,,,,,,,
24280846,,,,1,,,,,,,,,,,,,,,,,,,
24692922,,,,,1,,,,,,,,,,,,,,,,,,
24695631,,,,,1,,,,,,,,,,,,,,,,,,
24703214,,,,,1,,,,,,,,,,,,,,,,,,
