Time(1ms),"ACTIVITY_EVENT0{appName=com.facebook.katana, action=onCreate, acitivityName=class com.facebook.nodex.startup.splashscreen.NodexSplashActivity}","ACTIVITY_EVENT0{appName=com.facebook.katana, action=onStop, acitivityName=class com.facebook.nodex.startup.splashscreen.NodexSplashActivity}","ACTIVITY_EVENT0{appName=com.facebook.katana, action=onDestory, acitivityName=class com.facebook.nodex.startup.splashscreen.NodexSplashActivity}",FileInputStream.<init>155{path=/data/user/0/com.facebook.katana/files},getNetworkOperatorName937,"SERVICE_EVENT0{appName=com.facebook.katana, serviceName=class com.facebook.conditionalworker.ConditionalWorkerService, action=onCreate}","SERVICE_EVENT0{appName=com.facebook.katana, serviceName=class com.facebook.videoads.scheduler.VideoAdsFetchService, action=onCreate}","SERVICE_EVENT0{appName=com.facebook.katana, serviceName=class com.facebook.fbservice.service.DefaultBlueService, action=onCreate}","SERVICE_EVENT0{appName=com.facebook.katana, serviceName=class com.facebook.fbservice.service.DefaultBlueService, action=onDestroy}","sqlite.SQLiteDatabase.rawQueryWithFactory453{selectionArgs=null, sql=SELECT value FROM user_values WHERE (name='ringtone') ORDER BY name DESC, editTable=user_values}",sqlite.SQLiteStatement.executeUpdateDelete425{sql=DELETE FROM user_values WHERE name='ringtone'},"SERVICE_EVENT0{appName=com.facebook.katana, serviceName=class com.facebook.analytics.service.AnalyticsService, action=onCreate}","ACTIVITY_EVENT0{appName=com.facebook.katana, action=onCreate, acitivityName=class com.facebook.katana.activity.FbMainTabActivity}","ACTIVITY_EVENT0{appName=com.facebook.katana, action=onCreate, acitivityName=class com.facebook.katana.FacebookLoginActivity}",getLine1Number538,getLine1Number536,android.accounts.AccountManager.getAccounts541,"ACTIVITY_EVENT0{appName=com.facebook.katana, action=onDestory, acitivityName=class com.facebook.katana.activity.FbMainTabActivity}","SERVICE_EVENT0{appName=com.facebook.katana, serviceName=class com.facebook.analytics.service.AnalyticsService, action=onDestroy}","ACTIVITY_EVENT0{appName=com.facebook.katana, action=onStop, acitivityName=class com.facebook.katana.FacebookLoginActivity}","ACTIVITY_EVENT0{appName=com.facebook.katana, action=onDestory, acitivityName=class com.facebook.katana.FacebookLoginActivity}"
0,1,,,,,,,,,,,,,,,,,,,,
185097,,1,,,,,,,,,,,,,,,,,,,
185259,,,1,,,,,,,,,,,,,,,,,,
370541,,,,1,,,,,,,,,,,,,,,,,
370780,,,,1,,,,,,,,,,,,,,,,,
373595,,,,1,,,,,,,,,,,,,,,,,
376615,,,,1,,,,,,,,,,,,,,,,,
396625,,,,,1,,,,,,,,,,,,,,,,
396770,,,,,1,,,,,,,,,,,,,,,,
397197,,,,,1,,,,,,,,,,,,,,,,
398411,,,,,1,,,,,,,,,,,,,,,,
403978,,,,,1,,,,,,,,,,,,,,,,
409198,,,,,1,,,,,,,,,,,,,,,,
415257,,,,,,1,,,,,,,,,,,,,,,
415491,,,,,,,1,,,,,,,,,,,,,,
430978,,,,,1,,,,,,,,,,,,,,,,
434180,,,,,1,,,,,,,,,,,,,,,,
452969,,,,,,,,1,,,,,,,,,,,,,
453528,,,,,1,,,,,,,,,,,,,,,,
453649,,,,,,,,,1,,,,,,,,,,,,
453757,,,,,,,,1,,,,,,,,,,,,,
456851,,,,,,,,,,1,,,,,,,,,,,
456899,,,,,,,,,,,1,,,,,,,,,,
459084,,,,,,,,,,,,1,,,,,,,,,
915574,1,,,,,,,,,,,,,,,,,,,,
929806,,,,,1,,,,,,,,,,,,,,,,
930578,,,,,,,,,,,,,1,,,,,,,,
930664,,,,,,,,,,,,,,1,,,,,,,
930776,,,,,,,,,,,,,,,1,,,,,,
930799,,,,,,,,,,,,,,,1,,,,,,
930814,,,,,,,,,,,,,,,,1,,,,,
930827,,,,,,,,,,,,,,,,,1,,,,
932282,,,,,,,,,,,,,,,,,,1,,,
932261,,1,,,,,,,,,,,,,,,,,,,
934137,,,,,1,,,,,,,,,,,,,,,,
934160,,,,,1,,,,,,,,,,,,,,,,
934431,,,,,1,,,,,,,,,,,,,,,,
935550,,,,,1,,,,,,,,,,,,,,,,
936215,,,,,1,,,,,,,,,,,,,,,,
937102,,,,,,1,,,,,,,,,,,,,,,
937996,,,,,,,,1,,,,,,,,,,,,,
938192,,,,,1,,,,,,,,,,,,,,,,
938241,,,,,,,,,1,,,,,,,,,,,,
938323,,,,,,,,1,,,,,,,,,,,,,
939401,,,,,1,,,,,,,,,,,,,,,,
939681,,,,,1,,,,,,,,,,,,,,,,
940362,,,,,,,,,,,,1,,,,,,,,,
941947,,,,,,,,,1,,,,,,,,,,,,
941966,,,,,,,,1,,,,,,,,,,,,,
942298,,,,,,,,,1,,,,,,,,,,,,
943586,,,,,,,,1,,,,,,,,,,,,,
943726,,,,,,,,,1,,,,,,,,,,,,
955064,,,,,,,,1,,,,,,,,,,,,,
987898,,,,,,,,,,,,,,,,,,,1,,
996603,,,,,,1,,,,,,,,,,,,,,,
997005,,,,,,,,,,,,1,,,,,,,,,
1006212,,,1,,,,,,,,,,,,,,,,,,
1006260,,,,,,,,,,,,,,,,,,,,1,
1034312,,,,,,,,,,,,,,,,,,,1,,
1038284,,,,,,1,,,,,,,,,,,,,,,
1038647,,,,,,,,,,,,1,,,,,,,,,
1041516,,,,,,,,,,,,,,,,,,,,1,
1041529,,,,,,,,,,,,,,,,,,,,,1
1045576,,,,1,,,,,,,,,,,,,,,,,
1045671,,,,,,1,,,,,,,,,,,,,,,
1047981,,,,1,,,,,,,,,,,,,,,,,
1048057,,,,1,,,,,,,,,,,,,,,,,
1075474,,,,,,,,,1,,,,,,,,,,,,
1084828,,,,,,,,,,,,,,,,,,,1,,
1353890,,,,1,,,,,,,,,,,,,,,,,
1353945,,,,1,,,,,,,,,,,,,,,,,
1355013,,,,1,,,,,,,,,,,,,,,,,
1355407,,,,1,,,,,,,,,,,,,,,,,
1696550,,,,1,,,,,,,,,,,,,,,,,
