Time(1ms),"ACTIVITY_EVENT0{appName=cn.wps.moffice_eng, action=onCreate, acitivityName=class cn.wps.moffice.documentmanager.PreStartActivity}","SERVICE_EVENT0{appName=cn.wps.moffice_eng, serviceName=class cn.wps.moffice.common.multi.MultiDocumentService, action=onCreate}","SERVICE_EVENT0{appName=cn.wps.moffice_eng, serviceName=class cn.wps.moffice.common.cloud.history.service.HistoryRecordService, action=onCreate}","SERVICE_EVENT0{appName=cn.wps.moffice_eng, serviceName=class cn.wps.moffice.common.service.DocumentManagerService, action=onCreate}","ACTIVITY_EVENT0{appName=cn.wps.moffice_eng, action=onCreate, acitivityName=class cn.wps.moffice.startactivity.StartDocumentManagerActivity}","ACTIVITY_EVENT0{appName=cn.wps.moffice_eng, action=onCreate, acitivityName=class cn.wps.moffice.documentmanager.DocumentManager}","SERVICE_EVENT0{appName=cn.wps.moffice_eng, serviceName=class cn.wps.moffice.homemanager.fileroaming.service.WPSQingService, action=onCreate}","ACTIVITY_EVENT0{appName=cn.wps.moffice_eng, action=onStop, acitivityName=class cn.wps.moffice.documentmanager.PreStartActivity}","ACTIVITY_EVENT0{appName=cn.wps.moffice_eng, action=onDestory, acitivityName=class cn.wps.moffice.documentmanager.PreStartActivity}","ACTIVITY_EVENT0{appName=cn.wps.moffice_eng, action=onDestory, acitivityName=class cn.wps.moffice.startactivity.StartDocumentManagerActivity}","SERVICE_EVENT0{appName=cn.wps.moffice_eng, serviceName=class cn.wps.moffice.cloudstorage.service.CloudStorageService, action=onCreate}","ACTIVITY_EVENT0{appName=cn.wps.moffice_eng, action=onCreate, acitivityName=class cn.wps.moffice.startactivity.writer.StartWriterActivity1}","ACTIVITY_EVENT0{appName=cn.wps.moffice_eng, action=onCreate, acitivityName=class cn.wps.moffice.writer.multiactivity.Writer1}","ACTIVITY_EVENT0{appName=cn.wps.moffice_eng, action=onDestory, acitivityName=class cn.wps.moffice.startactivity.writer.StartWriterActivity1}","ACTIVITY_EVENT0{appName=cn.wps.moffice_eng, action=onStop, acitivityName=class cn.wps.moffice.documentmanager.DocumentManager}","ACTIVITY_EVENT0{appName=cn.wps.moffice_eng, action=onStop, acitivityName=class cn.wps.moffice.writer.multiactivity.Writer1}","ACTIVITY_EVENT0{appName=cn.wps.moffice_eng, action=onDestory, acitivityName=class cn.wps.moffice.writer.multiactivity.Writer1}","ACTIVITY_EVENT0{appName=cn.wps.moffice_eng, action=onDestory, acitivityName=class cn.wps.moffice.documentmanager.DocumentManager}"
0,1,,,,,,,,,,,,,,,,,
221,,1,,,,,,,,,,,,,,,,
249,,,1,,,,,,,,,,,,,,,
264,,,,1,,,,,,,,,,,,,,
850,,,,,1,,,,,,,,,,,,,
1081,,,,,,1,,,,,,,,,,,,
5141,,,,,,,1,,,,,,,,,,,
9565,,,,,,,,1,,,,,,,,,,
9643,,,,,,,,,1,,,,,,,,,
9689,,,,,,,,,,1,,,,,,,,
9718,,,,,,,,,,,1,,,,,,,
71413,,,,,,,,,,,,1,,,,,,
71753,,,,,,,,,,,,,1,,,,,
76181,,,,,,,,,,,,,,1,,,,
77075,,,,,,,,,,,,,,,1,,,
147418,,,,,,,,,,,,,,,,1,,
147460,,,,,,,,,,,,,,,,,1,
180365,,,,,,,,,,,,,,,1,,,
180870,,,,,,,,,,,,,,,,,,1
